Workbook

Sheet 7-Day Plan
A1: # | B1: Day | C1: Theme | D1: Phase | E1: Task | F1: What's involved (scope of work) | G1: Deliverable / Done when | H1: Owner | I1: Status | J1: Start Date | K1: End Date | L1: Notes
A2: 1 | B2: 1 | C2: Foundation & Infrastructure | D2: Foundation | E2: Unify the two repositories into one app | F2: Merge the separate Odoo and Zoho ZATCA-middleware codebases into a single Next.js 16 + TypeScript application that shares one ZATCA compliance core with pluggable accounting-software adapters. Establish the repository structure, dependency baseline and build pipeline. | G2: zatca-middleware-dev builds green; shared core + adapter layout in place | H2: Claude | I2: Done | L2: Pushed to GitHub
A3: 2 | B3: 1 | C3: Foundation & Infrastructure | D3: Foundation | E3: Design & apply the multi-tenant database | F3: Design and apply the full PostgreSQL schema on Supabase (organizations, tenant members, ZATCA profiles, invoices, transaction logs, Odoo/Zoho configs, async jobs) with Row-Level-Security so every business can only read its own data. | G3: 10 tables + RLS policies live; tenant data provably isolated | H3: Claude | I3: Done | L3: migrations 001-003
A4: 3 | B4: 1 | C4: Foundation & Infrastructure | D4: Foundation | E4: Google authentication + sessions | F4: Implement Sign-in with Google via Supabase Auth with cookie-based sessions and middleware route-protection, replacing the old custom email/password model. Unauthenticated users are redirected to login. | G4: Google login works end-to-end; protected routes enforced | H4: Claude | I4: Done | L4: verified live
A5: 4 | B5: 1 | C5: Foundation & Infrastructure | D5: Foundation | E5: Automatic tenant provisioning | F5: On a user's first login, automatically create their organization and link them as a member — establishing the tenant boundary used by every query and policy in the system. | G5: Org + membership created on first login (DB-verified) | H5: Claude | I5: Done | L5: multi-tenant isolation confirmed
A6: 5 | B6: 1 | C6: Foundation & Infrastructure | D6: Foundation | E6: Encrypt secrets at rest (AES-256-GCM) | F6: Add authenticated AES-256-GCM encryption so ERP credentials, ZATCA private keys and CSIDs are stored only as ciphertext and decrypted in memory when needed; master key held in environment config. | G6: All sensitive credentials encrypted at rest | H6: Claude | I6: Done | L6: fixes a prior cleartext gap
A7: 6 | B7: 1 | C7: Foundation & Infrastructure | D7: Foundation | E7: ZATCA environment resolver (Demo/Real) | F7: Build the configurable resolver that maps a tenant's environment to the correct ZATCA API base URL: Demo -> simulation (OTP 123456, nothing legally filed) vs Real -> core (live filing). | G7: Switchable endpoints; Demo vs Real cleanly separated | H7: Claude | I7: Done
A8: 7 | B8: 2 | C8: ZATCA Core & Onboarding | D8: ZATCA Core | E8: Consolidate the Phase-2 compliance core | F8: Bring the proven ZATCA Phase-2 engine into the unified app: UBL 2.1 XML generation (standard + simplified, 388/381/383), SHA-256 hashing with canonicalization, ECDSA secp256k1 signing, XAdES signature block, and TLV QR encoding. | G8: Shared compliance core compiles and runs in the unified app | H8: Claude | I8: Done | L8: from the tested repos
A9: 8 | B9: 2 | C9: ZATCA Core & Onboarding | D9: ZATCA Core | E9: Wire ZATCA onboarding into the tenant flow | F9: Connect the proven onboarding sequence — generate keypair + CSR, request the Compliance CSID, run the compliance sample-invoice checks, then issue the Production CSID — to the per-tenant journey, executed against ZATCA simulation. | G9: A tenant completes full onboarding from the UI (OTP 123456) | H9: Claude | I9: Done | L9: runs against simulation
A10: 9 | B10: 2 | C10: ZATCA Core & Onboarding | D10: ZATCA Core | E10: Fix the production-CSID issuance | F10: Audit and correct the onboarding finalize step, which currently persists a placeholder production CSID instead of the real certificate returned by ZATCA; ensure the genuine CSID is stored and used for clearance. | G10: Real production CSID stored and used for signing/clearance | H10: Claude | I10: To Do | L10: found in end-to-end audit
A11: 10 | B11: 2 | C11: ZATCA Core & Onboarding | D11: ZATCA Core | E11: Validate crypto against the official ZATCA SDK | F11: Validate canonicalization, the invoice hash, and the digital signature byte-for-byte against the official ZATCA Java SDK reference output for known invoices — the single highest-risk correctness item before go-live. | G11: Hash + signature match the SDK reference exactly | H11: Claude | I11: To Do | L11: correctness gate
A12: 11 | B12: 2 | C12: ZATCA Core & Onboarding | D12: ZATCA Core | E12: Demo <-> Real environment plumbing | F12: Finish wiring so a tenant's onboarding, credentials and submissions consistently target the chosen ZATCA environment, with Demo and Real credentials stored separately and never mixed. | G12: Per-tenant environment honoured across onboarding + clearance | H12: Claude | I12: In Progress
A13: 12 | B13: 3 | C13: Adapters & Async Pipeline | D13: Adapters | E13: Odoo adapter (JSON-RPC + webhook + write-back) | F13: Integrate the Odoo adapter: JSON-RPC client, inbound webhook (pull/push), automatic provisioning of x_zatca_* fields on account.move, and write-back of UUID / QR / signed PDF / status to the invoice record. | G13: Odoo invoice -> clearance -> write-back works on simulation | H13: Claude | I13: Done | L13: ported from the Odoo repo
A14: 13 | B14: 3 | C14: Adapters & Async Pipeline | D14: Adapters | E14: Zoho Books adapter (OAuth + webhook + write-back) | F14: Integrate the Zoho Books adapter: OAuth2 refresh-token authentication, region-aware API, inbound webhook, cf_zatca_* custom fields, and write-back via custom fields + timeline comments + file attachments. | G14: Zoho invoice -> clearance -> write-back works on simulation | H14: Claude | I14: Done
A15: 14 | B15: 3 | C15: Adapters & Async Pipeline | D15: Adapters | E15: Real connection test + field provisioning | F15: Make connecting an accounting software genuinely call the live Odoo/Zoho API to authenticate; only mark 'connected' on real success, surface the real error otherwise, and run real custom-field provisioning. No fabricated states. | G15: Connection verified live; real ERP errors shown to the user | H15: Claude | I15: Done | L15: 'no fake' requirement
A16: 15 | B16: 3 | C16: Adapters & Async Pipeline | D16: Pipeline | E16: Asynchronous job queue + worker | F16: Build the async pipeline so clearance is reliable at enterprise/bank volume: a Postgres jobs table, a Supabase Database Webhook that triggers /api/worker, automatic retry with back-off, idempotency per invoice, and a Vercel Cron safety sweep. | G16: Webhook acknowledges instantly; worker processes with retries | H16: Claude | I16: To Do | L16: per Architecture doc
A17: 16 | B17: 3 | C17: Adapters & Async Pipeline | D17: Pipeline | E17: Verify the full clearance loop end-to-end | F17: Verify the complete pipeline on simulation — receive invoice, classify (B2B clearance / B2C reporting), build XML, sign, submit, write back and persist — including credit and debit notes. | G17: Cleared/reported invoices persist correctly and reconcile | H17: Claude | I17: In Progress | L17: needs migration 003 applied
A18: 17 | B18: 4 | C18: Application Surfaces (UX) | D18: UX | E18: Navigable, honest onboarding journey | F18: Rebuild onboarding as a navigable journey: clickable steps, an always-visible live connection status with one-click re-test, accurate step-by-step ERP setup guides (copy-ready webhook URL, API key and the Odoo server-action code), and no dead-ends or false 'done' states. | G18: Any step reachable; connection manageable anytime; guides accurate | H18: Claude | I18: Done | L18: fixed dead-ends found in audit
A19: 18 | B19: 4 | C19: Application Surfaces (UX) | D19: UX | E19: Business profile (seller identity) | F19: Form to capture the legal seller identity used on every ZATCA invoice — legal name (EN/AR), VAT registration number, CRN, and the full registered address — written to the organization record. | G19: Profile saved per tenant; gates onboarding readiness | H19: Claude | I19: Done
A20: 19 | B20: 4 | C20: Application Surfaces (UX) | D20: UX | E20: Invoices registry — list + detail | F20: A consistent invoices registry on real tenant data: summary KPIs, a filterable/searchable table, and a detail view showing ZATCA status, UUID, the QR code and the signed XML. | G20: Tenant's real invoices listed; detail view works | H20: Claude | I20: Done | L20: replaced the old inconsistent page
A21: 20 | B21: 4 | C21: Application Surfaces (UX) | D21: UX | E21: Dashboard on live data | F21: Replace the placeholder dashboard with live KPIs (cleared / reported / failed counts, SAR volume), a recent-invoices table, the persistent Demo-mode banner and the CSID-expiry warning. | G21: Dashboard reflects the tenant's real, current data | H21: Claude | I21: To Do
A22: 21 | B22: 4 | C22: Application Surfaces (UX) | D22: UX | E22: Settings — connection, API keys, team | F22: Build the three settings screens: manage the ERP connection (re-test / edit / disconnect), manage API keys (issue / revoke), and manage team members (invite colleagues) — replacing the legacy admin pages. | G22: Settings fully functional and tenant-scoped | H22: Claude | I22: To Do
A23: 22 | B23: 4 | C23: Application Surfaces (UX) | D23: UX | E23: Remove legacy pages; one consistent design | F23: Remove the leftover 'bank product', the old register page and the old admin pages so the application presents one coherent design and a single data model throughout. | G23: No legacy/Frankenstein pages remain | H23: Claude | I23: To Do | L23: consistency cleanup
A24: 23 | B24: 5 | C24: Notifications, Go-Live & Admin | D24: Notifications | E24: Email alerts (Resend) | F24: Wire transactional email via Resend so a tenant is notified — with the invoice reference and the exact reason — whenever clearance fails or a certificate is nearing expiry. On by default. | G24: Tenants emailed on failures and CSID expiry | H24: Claude | I24: To Do
A25: 24 | B25: 5 | C25: Notifications, Go-Live & Admin | D25: Go-Live | E25: Demo -> Real (production onboarding) | F25: Build the guided go-live flow: obtain a real OTP from the Fatoora portal, re-onboard the tenant against the core (production) environment, and store the live credentials separately from the Demo ones. | G25: A tenant can deliberately switch from Demo to Real | H25: Claude | I25: To Do
A26: 25 | B26: 5 | C26: Notifications, Go-Live & Admin | D26: Reliability | E26: CSID expiry tracking + warnings | F26: Track each tenant's CSID expiry date and surface proactive warnings (dashboard + email) at 30 / 14 / 3 days so compliance never breaks silently. | G26: Expiry warnings fire ahead of time | H26: Claude | I26: To Do
A27: 26 | B27: 5 | C27: Notifications, Go-Live & Admin | D27: Admin | E27: CBT internal admin console | F27: A minimal internal console for the Convergent team: cross-tenant list, per-tenant detail (onboarding status, invoices, logs), support actions (view error, re-trigger an invoice), and a queue of 'unsupported software' requests. | G27: Internal support tooling for the CBT team | H27: Claude | I27: To Do
A28: 27 | B28: 5 | C28: Notifications, Go-Live & Admin | D28: Docs | E28: Customer API docs + self-serve guides | F28: Publish the headless-API (Mode B) reference and polished self-serve setup tutorials for Odoo, Zoho and the API so customers can onboard without assistance. | G28: Customer-facing documentation available in-app | H28: Claude | I28: To Do
A29: 28 | B29: 6 | C29: Testing & QA | D29: Testing | E29: Unit tests for the compliance core | F29: Automated unit tests for the compliance-critical code: hashing, canonicalization, ECDSA signing, TLV/QR encoding, and the BR-KSA validation rules (~25). Target high coverage on the core. | G29: Core unit suite green (~90% coverage) | H29: Claude | I29: To Do
A30: 29 | B30: 6 | C30: Testing & QA | D30: Testing | E30: Integration tests | F30: Integration tests for the Odoo/Zoho adapters, the job queue (retry + idempotency) and write-back, exercised against mocked and simulation endpoints. | G30: Green integration suite | H30: Claude | I30: To Do
A31: 30 | B31: 6 | C31: Testing & QA | D31: Testing | E31: End-to-end (Playwright) tests | F31: Automated end-to-end tests for the critical user journeys: full onboarding, an invoice clearing through the pipeline, and the failure/retry path. | G31: Critical journeys automated and passing | H31: Claude | I31: To Do
A32: 31 | B32: 6 | C32: Testing & QA | D32: Testing | E32: Compliance validation gate | F32: Re-validate clearance, reporting and credit/debit notes against the ZATCA SDK and simulation as an explicit compliance gate before deployment. | G32: Compliance validation passes for all document types | H32: Claude | I32: To Do
A33: 32 | B33: 6 | C33: Testing & QA | D33: Security | E33: Security & isolation pass | F33: Security review: RLS tenant-isolation tests, secret-handling audit, API-key authentication, and rate-limiting on public endpoints. | G33: Security checklist cleared | H33: Claude | I33: To Do
A34: 33 | B34: 6 | C34: Testing & QA | D34: Testing | E34: Bug triage & stabilization | F34: Triage and fix all defects found during testing; stabilize the build so it is release-ready. | G34: No open blocking defects | H34: Claude | I34: To Do
A35: 34 | B35: 7 | C35: Hardening, Deploy & Launch | D35: Deploy | E35: Vercel production deployment | F35: Deploy the multi-tenant application to Vercel production with all environment variables configured (Supabase keys, encryption master key, ZATCA endpoints, Resend) and the build pipeline green. | G35: Live public URL; application boots in production | H35: Claude + User | I35: To Do | L35: user provides Vercel account
A36: 35 | B36: 7 | C36: Hardening, Deploy & Launch | D36: Deploy | E36: Wire production auth + webhook URLs | F36: Update the Google OAuth and Supabase Site/redirect URLs to the live domain so authentication works in production and the cloud Odoo/Zoho can reach the inbound webhooks (which localhost cannot). | G36: Auth and inbound ERP webhooks work in production | H36: Claude + User | I36: To Do
A37: 36 | B37: 7 | C37: Hardening, Deploy & Launch | D37: Deploy | E37: Smoke tests + monitoring | F37: Run production smoke tests and stand up logging plus basic monitoring/alerting so issues are observable. | G37: Verified, observable production environment | H37: Claude | I37: To Do
A38: 37 | B38: 7 | C38: Hardening, Deploy & Launch | D38: Launch | E38: Documentation + demo walkthrough | F38: Finalize the handoff documentation and deliver a live demo walkthrough of the complete product for stakeholders. | G38: Handoff package + stakeholder demo | H38: Claude | I38: To Do
A39: 38 | B39: 7 | C39: Hardening, Deploy & Launch | D39: Launch | E39: UAT vs real ZATCA + production cutover | F39: Run User Acceptance Testing against the real ZATCA environment with a registered device, and prepare the production cutover. Note: depends on ZATCA granting production access (external) and may extend beyond the week. | G39: Go-live readiness sign-off | H39: User + ZATCA | I39: To Do | L39: external dependency
A40: 39 | B40: 7 | C40: Hardening, Deploy & Launch | D40: Launch | E40: Go-to-market (parallel) | F40: In parallel: publish SEO/AEO-optimized content on the Convergent (CBT) website so the free ZATCA-integration product is discoverable by search engines and AI assistants. | G40: Product discoverable; marketing live | H40: User | I40: To Do | L40: GTM track

Sheet Status Summary
A1: ZATCA Compliance Middleware — 7-Day Plan to Production
A2: Convergent BT · Demo build on ZATCA simulation -> UAT -> Production
A4: Overall
A5: Total tasks | B5: =COUNTA('7-Day Plan'!E2:E40)
A6: Done | B6: =COUNTIF('7-Day Plan'!I2:I40,"Done")
A7: In Progress | B7: =COUNTIF('7-Day Plan'!I2:I40,"In Progress")
A8: To Do | B8: =COUNTIF('7-Day Plan'!I2:I40,"To Do")
A9: % Complete | B9: =COUNTIF('7-Day Plan'!I2:I40,"Done")/COUNTA('7-Day Plan'!E2:E40)
A12: Day | B12: Theme | C12: Tasks | D12: Done | E12: In Prog. | F12: To Do
A13: 1 | B13: Foundation & Infrastructure | C13: =COUNTIF('7-Day Plan'!B2:B40,1) | D13: =COUNTIFS('7-Day Plan'!B2:B40,1,'7-Day Plan'!I2:I40,"Done") | E13: =COUNTIFS('7-Day Plan'!B2:B40,1,'7-Day Plan'!I2:I40,"In Progress") | F13: =COUNTIFS('7-Day Plan'!B2:B40,1,'7-Day Plan'!I2:I40,"To Do")
A14: 2 | B14: ZATCA Core & Onboarding | C14: =COUNTIF('7-Day Plan'!B2:B40,2) | D14: =COUNTIFS('7-Day Plan'!B2:B40,2,'7-Day Plan'!I2:I40,"Done") | E14: =COUNTIFS('7-Day Plan'!B2:B40,2,'7-Day Plan'!I2:I40,"In Progress") | F14: =COUNTIFS('7-Day Plan'!B2:B40,2,'7-Day Plan'!I2:I40,"To Do")
A15: 3 | B15: Adapters & Async Pipeline | C15: =COUNTIF('7-Day Plan'!B2:B40,3) | D15: =COUNTIFS('7-Day Plan'!B2:B40,3,'7-Day Plan'!I2:I40,"Done") | E15: =COUNTIFS('7-Day Plan'!B2:B40,3,'7-Day Plan'!I2:I40,"In Progress") | F15: =COUNTIFS('7-Day Plan'!B2:B40,3,'7-Day Plan'!I2:I40,"To Do")
A16: 4 | B16: Application Surfaces (UX) | C16: =COUNTIF('7-Day Plan'!B2:B40,4) | D16: =COUNTIFS('7-Day Plan'!B2:B40,4,'7-Day Plan'!I2:I40,"Done") | E16: =COUNTIFS('7-Day Plan'!B2:B40,4,'7-Day Plan'!I2:I40,"In Progress") | F16: =COUNTIFS('7-Day Plan'!B2:B40,4,'7-Day Plan'!I2:I40,"To Do")
A17: 5 | B17: Notifications, Go-Live & Admin | C17: =COUNTIF('7-Day Plan'!B2:B40,5) | D17: =COUNTIFS('7-Day Plan'!B2:B40,5,'7-Day Plan'!I2:I40,"Done") | E17: =COUNTIFS('7-Day Plan'!B2:B40,5,'7-Day Plan'!I2:I40,"In Progress") | F17: =COUNTIFS('7-Day Plan'!B2:B40,5,'7-Day Plan'!I2:I40,"To Do")
A18: 6 | B18: Testing & QA | C18: =COUNTIF('7-Day Plan'!B2:B40,6) | D18: =COUNTIFS('7-Day Plan'!B2:B40,6,'7-Day Plan'!I2:I40,"Done") | E18: =COUNTIFS('7-Day Plan'!B2:B40,6,'7-Day Plan'!I2:I40,"In Progress") | F18: =COUNTIFS('7-Day Plan'!B2:B40,6,'7-Day Plan'!I2:I40,"To Do")
A19: 7 | B19: Hardening, Deploy & Launch | C19: =COUNTIF('7-Day Plan'!B2:B40,7) | D19: =COUNTIFS('7-Day Plan'!B2:B40,7,'7-Day Plan'!I2:I40,"Done") | E19: =COUNTIFS('7-Day Plan'!B2:B40,7,'7-Day Plan'!I2:I40,"In Progress") | F19: =COUNTIFS('7-Day Plan'!B2:B40,7,'7-Day Plan'!I2:I40,"To Do")
A22: Legend
A23: Done
A24: In Progress
A25: To Do
